{"stat.pickup.minecraft.rotten_flesh":3,"stat.walkOneCm":12582,"stat.pickup.zoocraftdiscoveries.seed_tarragon":2,"stat.leaveGame":4,"stat.drop.zoocraftdiscoveries.seed_basil":3,"stat.damageTaken":145,"stat.furnaceInteraction":1,"stat.drop.zoocraftdiscoveries.seed_tarragon":2,"stat.pickup.zoocraftdiscoveries.seed_dill":3,"stat.flyOneCm":45345,"stat.drop":8,"stat.jump":156,"stat.swimOneCm":37,"stat.playOneMinute":5775,"stat.fallOneCm":5265,"stat.damageDealt":20,"stat.timeSinceDeath":5775,"stat.sprintOneCm":22283,"stat.pickup.zoocraftdiscoveries.seed_basil":3,"stat.mineBlock.minecraft.tallgrass":28,"stat.drop.zoocraftdiscoveries.seed_dill":3}