{"stat.pickup.explorercraft.amethyst_sword":2,"stat.mineBlock.explorercraft.basalt_cobblestone":2,"stat.pickup.bloodmagic.sacrificial_dagger":4,"stat.leaveGame":9,"stat.mineBlock.explorercraft.basalt_pillar":7,"stat.pickup.tconstruct.edible":15,"stat.drop.minecraft.redstone":1,"stat.pickup.ebwizardry.spell_book":37,"stat.useItem.minecraft.glowstone":3,"stat.mineBlock.bloodmagic.blood_rune":1,"stat.killEntity.PigZombie":7,"stat.mineBlock.minecraft.web":3,"stat.mineBlock.gravestone.gravestone":15,"stat.pickup.minecraft.rotten_flesh":2702,"stat.pickup.bloodmagic.incense_altar":22,"stat.drop.tconstruct.firewood":3,"stat.useItem.explorercraft.basalt_cobblestone":23,"stat.useItem.tconstruct.throwball":2,"stat.useItem.minecraft.rail":356,"stat.killEntity.Enderman":11,"stat.craftItem.minecraft.iron_shovel":1,"stat.pickup.minecraft.brown_mushroom":1,"stat.killEntity.Witch":4,"stat.pickup.bloodmagic.blood_rune":1,"stat.pickup.zoocraftdiscoveries.gemsbok_leather":22,"stat.killEntity.atum.nomad":12,"stat.useItem.minecraft.iron_pickaxe":3001,"stat.craftItem.minecraft.wooden_pickaxe":1,"stat.drop.bloodmagic.sentient_sword":2,"stat.useItem.minecraft.iron_shovel":89,"stat.drop.minecraft.cooked_mutton":22,"stat.pickup.minecraft.double_plant":2,"stat.furnaceInteraction":170,"stat.mineBlock.minecraft.rail":116,"stat.killEntity.ZombieVillager":1,"stat.pickup.minecraft.nether_brick":517,"stat.drop.minecraft.red_flower":1,"stat.killEntity.atum.barbarian":3,"stat.pickup.minecraft.beef":62,"stat.useItem.rustic.wildberries":7,"stat.mineBlock.tconstruct.ore":109,"stat.pickup.tconstruct.hammer":18,"stat.useItem.minecraft.flint_and_steel":16,"stat.killEntity.Husk":6,"stat.mineBlock.bloodmagic.path":127,"stat.pickup.ebwizardry.wizard_hat":1,"stat.pickup.backpack.backpack":13,"stat.pickup.minecraft.emerald":16,"stat.useItem.minecraft.dye":26,"stat.deaths":19,"stat.pickup.minecraft.egg":66,"stat.useItem.minecraft.nether_brick":37,"stat.craftItem.minecraft.iron_pickaxe":12,"stat.mineBlock.minecraft.tallgrass":43,"stat.craftItem.minecraft.cooked_mutton":1,"stat.pickup.minecraft.cooked_mutton":171,"stat.chestOpened":88,"stat.useItem.minecraft.stone":404,"stat.pickup.minecraft.arrow":96,"stat.pickup.atum.iron_greatsword":2,"stat.pickup.minecraft.gold_nugget":15,"stat.craftItem.minecraft.coal":5,"stat.craftItem.bloodmagic.soul_snare":52,"stat.pickup.zoocraftdiscoveries.seed_mint":1,"stat.pickup.tconstruct.cast_custom":1,"stat.craftItem.explorercraft.amethyst_sword":1,"stat.pickup.minecraft.carrot":71,"stat.useItem.minecraft.rabbit":1,"stat.crouchOneCm":27916,"stat.pickup.minecraft.rail":118,"stat.craftItem.minecraft.iron_ingot":528,"stat.craftingTableInteraction":96,"stat.pickup.minecraft.nether_brick_fence":6,"stat.pickup.minecraft.wooden_pickaxe":5,"stat.pickup.bloodmagic.sanguine_book":3,"stat.craftItem.minecraft.wooden_sword":1,"stat.craftItem.minecraft.nether_brick":10,"stat.pickup.minecraft.dye":906,"stat.pickup.minecraft.planks":79,"stat.pickup.minecraft.wheat_seeds":8,"stat.pickup.explorercraft.ruby":24,"stat.mineBlock.minecraft.dirt":372,"stat.useItem.explorercraft.basalt":70,"stat.useItem.minecraft.bread":4,"stat.drop.minecraft.rotten_flesh":8,"stat.pickup.bloodmagic.sentient_armour_boots":7,"stat.useItem.minecraft.cobblestone":561,"stat.pickup.minecraft.magma":82,"stat.drop.explorercraft.lamb_shank_cooked":1,"stat.mineBlock.minecraft.double_plant":1,"stat.pickup.zoocraftdiscoveries.seed_dill":5,"stat.minecartOneCm":100696,"stat.pickup.tconstruct.throwball":2,"stat.pickup.explorercraft.amethyst_helmet":2,"stat.pickup.minecraft.iron_pickaxe":6,"stat.craftItem.minecraft.gold_ingot":106,"stat.pickup.minecraft.chicken":30,"stat.pickup.atum.coin_dirty":10,"stat.useItem.ic2.bronze_pickaxe":34,"stat.craftItem.minecraft.bucket":3,"stat.craftItem.minecraft.planks":532,"stat.itemEnchanted":5,"stat.pickup.minecraft.stone_sword":8,"stat.pickup.minecraft.book":9,"stat.useItem.minecraft.stonebrick":661,"stat.mineBlock.minecraft.log":81,"stat.pickup.minecraft.red_flower":7,"stat.pickup.minecraft.wool":35,"stat.killEntity.zoocraftdiscoveries.porcupine":2,"stat.useItem.minecraft.wooden_axe":33,"stat.pickup.ic2.ingot":121,"stat.craftItem.minecraft.diamond_leggings":3,"stat.useItem.minecraft.iron_axe":123,"stat.pickup.explorercraft.basalt_cobblestone":136,"stat.mineBlock.minecraft.cobblestone":31,"stat.useItem.explorercraft.amethyst_pickaxe":2789,"stat.pickup.minecraft.stone_pickaxe":3,"stat.pickup.minecraft.flint":7,"stat.mineBlock.minecraft.yellow_flower":1,"stat.craftItem.explorercraft.basalt_pillar":64,"stat.drop.minecraft.cobblestone":2,"stat.pickup.minecraft.cooked_porkchop":53,"stat.drop.bloodmagic.soul_gem":2,"stat.useItem.minecraft.obsidian":15,"stat.useItem.minecraft.stone_slab2":136,"stat.pickup.minecraft.bow":1,"stat.pickup.minecraft.iron_boots":1,"stat.useItem.tconstruct.cleaver":28,"stat.craftItem.minecraft.furnace":14,"stat.useItem.minecraft.egg":66,"stat.craftItem.minecraft.iron_boots":1,"stat.craftItem.minecraft.cooked_beef":10,"stat.mineBlock.minecraft.obsidian":25,"stat.mineBlock.minecraft.clay":1,"stat.pickup.atum.scarab":1,"stat.pickup.minecraft.diamond_leggings":4,"stat.flyOneCm":3435283,"stat.pickup.rustic.honeycomb":4,"stat.pickup.rustic.slate":229,"stat.killEntity.zoocraftdiscoveries.anteater":3,"stat.timeSinceDeath":164635,"stat.pickup.zoocraftdiscoveries.anteater_leather":15,"stat.craftItem.rustic.planks":20,"stat.mineBlock.atum.sand":7,"stat.drop.minecraft.spider_eye":2,"stat.killEntity.Bat":1,"stat.craftItem.bloodmagic.blood_rune":28,"stat.craftItem.minecraft.stonebrick":958,"stat.killEntity.ebwizardry:lightning_wraith":2,"stat.mineBlock.minecraft.coal_ore":893,"stat.killEntity.Creeper":12,"stat.pickup.minecraft.shield":6,"stat.talkedToVillager":2,"stat.pickup.minecraft.wooden_sword":3,"stat.pickup.minecraft.string":182,"stat.pickup.explorercraft.marble":1213,"stat.pickup.ebwizardry.magic_wand":1,"stat.mineBlock.explorercraft.bamboo_log":1,"stat.drop.bloodmagic.sentient_armour_gem":1,"stat.entityKilledBy.Skeleton":2,"stat.sprintOneCm":4023809,"stat.mineBlock.minecraft.stone_slab":1,"stat.craftItem.minecraft.wooden_axe":1,"stat.killEntity.ebwizardry:evil_wizard":2,"stat.pickup.ic2.resource":733,"stat.mineBlock.bloodmagic.soul_forge":1,"stat.mineBlock.minecraft.diamond_ore":187,"stat.drop.tconstruct.cleaver":2,"stat.pickup.minecraft.sugar":1,"stat.craftItem.minecraft.leather_chestplate":1,"stat.entityKilledBy.atum.nomad":2,"stat.useItem.minecraft.wooden_sword":57,"stat.pickup.tconstruct.ore":78,"stat.pickup.minecraft.iron_block":7,"stat.killEntity.Zombie":1093,"stat.craftItem.minecraft.dye":93,"stat.pickup.explorercraft.basalt_polished":6,"stat.useItem.tconstruct.hammer":36505,"stat.mineBlock.minecraft.gold_ore":273,"stat.diveOneCm":70147,"stat.pickup.minecraft.wheat":6,"stat.craftItem.minecraft.cooked_porkchop":10,"stat.pickup.minecraft.obsidian":45,"stat.useItem.minecraft.rotten_flesh":20,"stat.craftItem.minecraft.diamond_sword":1,"stat.jump":13503,"stat.useItem.minecraft.sand":5,"stat.drop.atum.scarab":1,"stat.pickup.minecraft.coal":1333,"stat.pickup.minecraft.iron_ingot":211,"stat.drop.minecraft.diamond_sword":4,"stat.pickup.minecraft.gunpowder":7,"stat.craftItem.minecraft.torch":1172,"stat.pickup.minecraft.dirt":559,"stat.pickup.minecraft.gold_ore":263,"stat.mineBlock.minecraft.lapis_ore":85,"stat.drop.tconstruct.hammer":3,"stat.pickup.tconstruct.firewood":2,"stat.pickup.minecraft.iron_axe":2,"stat.damageTaken":21916,"stat.useItem.minecraft.stone_brick_stairs":6,"stat.mineBlock.minecraft.torch":67,"stat.killEntity.tconstruct.blueslime":2,"stat.pickup.ebwizardry.crystal_flower":1,"stat.drop.tconstruct.slimesling":1,"stat.craftItem.minecraft.glowstone":4,"stat.pickup.tconstruct.ingots":58,"stat.pickup.minecraft.potato":26,"stat.entityKilledBy.Zombie":5,"stat.drop.bloodmagic.sigil_divination":2,"stat.mineBlock.explorercraft.basalt":391,"stat.killEntity.Silverfish":1,"stat.useItem.tconstruct.shovel":27,"stat.useItem.minecraft.chest":18,"stat.pickup.minecraft.diamond_pickaxe":4,"stat.useItem.minecraft.lava_bucket":2,"stat.pickup.explorercraft.amethyst_pickaxe":7,"stat.craftItem.minecraft.iron_chestplate":1,"stat.pickup.minecraft.ender_pearl":22,"stat.pickup.bloodmagic.sentient_armour_leggings":8,"stat.craftItem.tconstruct.firewood":2,"stat.pickup.minecraft.cooked_beef":14,"stat.useItem.minecraft.netherrack":66,"stat.drop.bloodmagic.pack_sacrifice":1,"stat.mineBlock.minecraft.stonebrick":279,"stat.pickup.zoocraftdiscoveries.rhino_leather":18,"stat.pickup.zoocraftdiscoveries.seed_thyme":4,"stat.mineBlock.minecraft.glowstone":10,"stat.mobKills":1510,"stat.pickup.minecraft.diamond_boots":2,"stat.mineBlock.minecraft.bookshelf":3,"stat.pickup.minecraft.diamond":458,"stat.pickup.minecraft.torch":743,"stat.pickup.bloodmagic.path":153,"stat.killEntity.Blaze":21,"stat.pickup.minecraft.lapis_block":7,"stat.pickup.gravestone.death_info":21,"stat.useItem.explorercraft.amethyst_sword":359,"stat.craftItem.explorercraft.amethyst_helmet":1,"stat.drop.minecraft.skull":1,"stat.useItem.minecraft.planks":6,"stat.pickup.minecraft.glowstone_dust":29,"stat.pickup.minecraft.porkchop":58,"stat.pickup.minecraft.blaze_powder":2,"stat.pickup.minecraft.glass":58,"stat.drop.bloodmagic.blood_orb":3,"stat.pickup.tconstruct.slimesling":9,"stat.useItem.minecraft.water_bucket":36,"stat.mineBlock.minecraft.nether_brick_fence":2,"stat.pickup.minecraft.sand":355,"stat.entityKilledBy.Spider":2,"stat.mineBlock.rustic.beehive":1,"stat.useItem.bloodmagic.sentient_sword":530,"stat.pickup.minecraft.wooden_hoe":1,"stat.mineBlock.explorercraft.marble":2921,"stat.craftItem.minecraft.stone_sword":1,"stat.mineBlock.minecraft.sand":15,"stat.pickup.zoocraftdiscoveries.seed_chive":1,"stat.craftItem.minecraft.wooden_hoe":1,"stat.craftItem.explorercraft.amethyst_pickaxe":4,"stat.drop.gravestone.death_info":3,"stat.pickup.bloodmagic.soul_snare":5,"stat.killEntity.zoocraftdiscoveries.gemsbok":6,"stat.pickup.tconstruct.cleaver":13,"stat.useItem.minecraft.cooked_mutton":64,"stat.pickup.minecraft.furnace":5,"stat.pickup.minecraft.totem_of_undying":1,"stat.pickup.tconstruct.cast":3,"stat.pickup.minecraft.iron_chestplate":6,"stat.pickup.minecraft.skull":215,"stat.drop.explorercraft.amethyst_pickaxe":1,"stat.pickup.tconstruct.slime_dirt":4,"stat.pickup.bloodmagic.slate":4,"stat.mineBlock.minecraft.soul_sand":1,"stat.craftItem.bloodmagic.soul_forge":1,"stat.pickup.bloodmagic.soul_gem":5,"stat.playOneMinute":2004059,"stat.pickup.minecraft.blaze_rod":30,"stat.pickup.minecraft.netherrack":2420,"stat.pickup.bloodmagic.blood_orb":6,"stat.pickup.tconstruct.casting":4,"stat.mineBlock.minecraft.netherrack":3773,"stat.pickup.explorercraft.basalt_pillar":7,"stat.pickup.tconstruct.shovel":1,"stat.pickup.minecraft.waterlily":2,"stat.craftItem.bloodmagic.path":256,"stat.useItem.bloodmagic.arcane_ashes":4,"stat.mineBlock.rustic.slate":332,"stat.pickup.tconstruct.lumberaxe":1,"stat.pickup.minecraft.cooked_chicken":93,"stat.fallOneCm":228967,"stat.craftItem.minecraft.chest":22,"stat.entityKilledBy.ebwizardry:evil_wizard":1,"stat.pickup.bloodmagic.sigil_divination":8,"stat.mineBlock.ic2.resource":823,"stat.useItem.minecraft.golden_rail":2,"stat.pickup.minecraft.feather":7,"stat.useItem.minecraft.furnace":7,"stat.killEntity.atum.tarantula":1,"stat.pickup.minecraft.iron_leggings":1,"stat.craftItem.explorercraft.basalt_bricks":64,"stat.mineBlock.minecraft.gravel":67,"stat.useItem.minecraft.stone_pickaxe":212,"stat.useItem.minecraft.stone_sword":77,"stat.craftItem.minecraft.iron_leggings":1,"stat.craftItem.minecraft.leather":19,"stat.pickup.minecraft.flint_and_steel":2,"stat.mineBlock.minecraft.monster_egg":1,"stat.useItem.minecraft.torch":1073,"stat.pickup.rustic.bee":1,"stat.pickup.minecraft.golden_apple":11,"stat.craftItem.minecraft.redstone_block":8,"stat.pickup.minecraft.crafting_table":1,"stat.craftItem.minecraft.crafting_table":3,"stat.killEntity.zoocraftdiscoveries.camel":1,"stat.killEntity.LavaSlime":4,"stat.mineBlock.ebwizardry.crystal_ore":178,"stat.mineBlock.minecraft.emerald_ore":6,"stat.killEntity.zoocraftdiscoveries.frog":2,"stat.pickup.minecraft.redstone_block":27,"stat.pickup.minecraft.log":74,"stat.mineBlock.bloodmagic.incense_altar":22,"stat.drop.minecraft.planks":1,"stat.pickup.bloodmagic.pack_sacrifice":2,"stat.drop.backpack.backpack":4,"stat.pickup.minecraft.sapling":4,"stat.mineBlock.minecraft.iron_block":1,"stat.pickup.bloodmagic.sentient_armour_gem":3,"stat.mineBlock.tconstruct.slime_grass":4,"stat.entityKilledBy.atum.wraith":1,"stat.pickup.minecraft.diamond_helmet":5,"stat.killEntity.WitherSkeleton":13,"stat.pickup.minecraft.golden_sword":2,"stat.craftItem.minecraft.cooked_chicken":3,"stat.pickup.tconstruct.slime_boots":4,"stat.sneakTime":8733,"stat.pickup.minecraft.rabbit":1,"stat.pickup.ic2.sapling":1,"stat.pickup.minecraft.stone_slab":8,"stat.pickup.minecraft.yellow_flower":4,"stat.craftItem.minecraft.diamond_chestplate":5,"stat.pickup.minecraft.bone":117,"stat.pickup.bloodmagic.sentient_armour_helmet":9,"stat.craftItem.minecraft.stone_brick_stairs":156,"stat.pickup.atum.brigand_shield":7,"stat.useItem.minecraft.diamond_sword":486,"stat.pickup.atum.sand":7,"stat.craftItem.minecraft.diamond_helmet":3,"stat.swimOneCm":159414,"stat.pickup.zoocraftdiscoveries.frogspawn":1,"stat.climbOneCm":6511,"stat.entityKilledBy.atum.brigand":1,"stat.useItem.minecraft.dirt":177,"stat.pickup.explorercraft.basalt":554,"stat.pickup.zoocraftdiscoveries.seed_basil":1,"stat.pickup.atum.iron_scimitar":2,"stat.useItem.tconstruct.lumberaxe":36,"stat.useItem.minecraft.iron_ore":4,"stat.useItem.minecraft.detector_rail":1,"stat.drop.minecraft.ender_pearl":1,"stat.craftItem.minecraft.stone_pickaxe":2,"stat.mineBlock.minecraft.magma":287,"stat.pickup.minecraft.cobblestone":10043,"stat.pickup.minecraft.gold_block":2,"stat.pickup.minecraft.soul_sand":1,"stat.pickup.minecraft.glass_bottle":1,"stat.craftItem.ic2.ingot":238,"stat.pickup.bloodmagic.monster_soul":26,"stat.useItem.minecraft.cooked_beef":32,"stat.pickup.explorercraft.lamb_shank":95,"stat.pickup.zoocraftdiscoveries.camel_leather":10,"stat.pickup.minecraft.redstone":1100,"stat.mineBlock.minecraft.iron_ore":777,"stat.pickup.minecraft.mutton":91,"stat.killEntity.zoocraftdiscoveries.capybara":1,"stat.pickup.minecraft.wooden_axe":3,"stat.pickup.minecraft.stonebrick":465,"stat.drop.minecraft.dirt":1,"stat.pickup.ebwizardry.magic_crystal":422,"stat.useItem.minecraft.cooked_porkchop":84,"stat.mineBlock.minecraft.nether_brick":209,"stat.mineBlock.explorercraft.bamboo_leaves":5,"stat.useItem.bloodmagic.path":265,"stat.useItem.tconstruct.edible":3,"stat.craftItem.minecraft.stone_slab2":0,"stat.pickup.bloodmagic.sentient_armour_chest":7,"stat.pickup.bloodmagic.soul_forge":1,"stat.craftItem.minecraft.stick":392,"stat.useItem.bloodmagic.blood_rune":23,"stat.craftItem.bloodmagic.sacrificial_dagger":1,"stat.craftItem.minecraft.stone":4,"stat.pickup.minecraft.grass":37,"stat.useItem.tconstruct.casting":1,"stat.useItem.minecraft.diamond_pickaxe":1342,"stat.useItem.minecraft.carrot":70,"stat.pickup.minecraft.diamond_chestplate":5,"stat.killEntity.ebwizardry:wizard":2,"stat.mineBlock.minecraft.planks":5,"stat.drop":89,"stat.killEntity.Sheep":29,"stat.pickup.minecraft.slime_ball":6,"stat.pickup.zoocraftdiscoveries.seed_sage":2,"stat.craftItem.minecraft.diamond_pickaxe":1,"stat.pickup.zoocraftdiscoveries.seed_parsley":1,"stat.pickup.minecraft.gravel":61,"stat.drop.minecraft.cooked_beef":1,"stat.useItem.explorercraft.lamb_shank_cooked":90,"stat.useItem.minecraft.porkchop":1,"stat.pickup.tconstruct.sharpening_kit":10,"stat.pickup.minecraft.stone_brick_stairs":58,"stat.pickup.minecraft.diamond_sword":8,"stat.useItem.minecraft.wooden_hoe":3,"stat.pickup.minecraft.fence":6,"stat.pickup.minecraft.iron_helmet":3,"stat.craftItem.bloodmagic.pack_sacrifice":1,"stat.pickup.explorercraft.ruby_sword":1,"stat.pickup.minecraft.spider_eye":79,"stat.craftItem.minecraft.iron_helmet":1,"stat.mineBlock.explorercraft.maple_leaves":2,"stat.craftItem.minecraft.rail":240,"stat.useItem.minecraft.cooked_chicken":65,"stat.pickup.minecraft.iron_ore":680,"stat.pickup.explorercraft.amethyst":137,"stat.pickup.tconstruct.slime_congealed":47,"stat.mineBlock.explorercraft.ruby_ore":5,"stat.boatOneCm":256543,"stat.craftItem.minecraft.flint_and_steel":1,"stat.useItem.explorercraft.marble":1,"stat.mineBlock.explorercraft.amethyst_ore":106,"stat.pickup.minecraft.leather":36,"stat.mineBlock.minecraft.furnace":5,"stat.useItem.minecraft.wooden_pickaxe":37,"stat.mineBlock.bloodmagic.altar":3,"stat.killEntity.atum.brigand":21,"stat.useItem.minecraft.magma":3,"stat.craftItem.bloodmagic.altar":2,"stat.craftItem.bloodmagic.incense_altar":2,"stat.damageDealt":209538,"stat.drop.minecraft.cooked_chicken":11,"stat.sleepInBed":3,"stat.useItem.explorercraft.basalt_pillar":39,"stat.killEntity.Cow":9,"stat.pickup.minecraft.minecart":3,"stat.killEntity.Pig":16,"stat.craftItem.minecraft.iron_sword":1,"stat.walkOneCm":4163104,"stat.playerKills":2,"stat.pickup.minecraft.stick":154,"stat.pickup.minecraft.clay_ball":8,"stat.drop.minecraft.iron_block":2,"stat.craftItem.minecraft.diamond_boots":2,"stat.pickup.minecraft.stone":9198,"stat.useItem.atum.sand":6,"stat.craftItem.minecraft.minecart":2,"stat.pickup.minecraft.gold_ingot":76,"stat.killEntity.Skeleton":60,"stat.pickup.explorercraft.ruby_horse_armor":3,"stat.killEntity.Chicken":24,"stat.pickup.minecraft.netherbrick":2522,"stat.killEntity.Spider":104,"stat.mineBlock.minecraft.quartz_ore":56,"stat.pickup.bloodmagic.altar":3,"stat.mineBlock.explorercraft.basalt_polished":2,"stat.pickup.explorercraft.lamb_shank_cooked":206,"stat.drop.minecraft.diamond_boots":1,"stat.pickup.minecraft.quartz":121,"stat.useItem.minecraft.golden_apple":11,"stat.pickup.minecraft.water_bucket":3,"stat.mineBlock.minecraft.leaves":26,"stat.pickup.bloodmagic.sentient_sword":2,"stat.mineBlock.rustic.stone_pillar":7,"stat.mineBlock.minecraft.redstone_ore":402,"stat.mineBlock.tconstruct.casting":4,"stat.mineBlock.minecraft.stone":31428}