{"stat.pickup.explorercraft.amethyst_sword":7,"stat.useItem.minecraft.bow":10,"stat.pickup.minecraft.wooden_slab":1,"stat.leaveGame":11,"stat.drop.zoocraftdiscoveries.rhino_leather":5,"stat.drop.minecraft.gunpowder":1,"stat.pickup.tconstruct.edible":9,"stat.pickup.ebwizardry.spell_book":8,"stat.drop.zoocraftdiscoveries.seed_thyme":1,"stat.mineBlock.gravestone.gravestone":13,"stat.pickup.minecraft.rotten_flesh":1061,"stat.useItem.explorercraft.basalt_cobblestone":3,"stat.pickup.minecraft.bucket":2,"stat.killEntity.Enderman":4,"stat.mineBlock.minecraft.wooden_slab":1,"stat.craftItem.minecraft.iron_shovel":3,"stat.drop.minecraft.sand":11,"stat.drop.ebwizardry.spell_book":3,"stat.pickup.explorercraft.cheese":5,"stat.pickup.explorercraft.bamboo_log":26,"stat.pickup.zoocraftdiscoveries.gemsbok_leather":3,"stat.useItem.minecraft.iron_pickaxe":1370,"stat.craftItem.minecraft.wooden_pickaxe":2,"stat.useItem.minecraft.iron_shovel":203,"stat.mineBlock.minecraft.vine":3,"stat.furnaceInteraction":72,"stat.killEntity.ZombieVillager":3,"stat.drop.minecraft.red_flower":5,"stat.pickup.minecraft.beef":54,"stat.useItem.minecraft.fence":1,"stat.pickup.tconstruct.hammer":8,"stat.useItem.minecraft.flint_and_steel":11,"stat.killEntity.Husk":3,"stat.pickup.backpack.backpack":3,"stat.mineBlock.ic2.leaves":3,"stat.pickup.minecraft.emerald":8,"stat.deaths":13,"stat.pickup.minecraft.egg":100,"stat.craftItem.minecraft.iron_pickaxe":11,"stat.drop.minecraft.torch":4,"stat.mineBlock.minecraft.tallgrass":981,"stat.craftItem.minecraft.cooked_mutton":1,"stat.pickup.minecraft.cooked_mutton":6,"stat.chestOpened":108,"stat.craftItem.minecraft.sign":6,"stat.useItem.minecraft.stone":84,"stat.pickup.minecraft.arrow":141,"stat.pickup.minecraft.iron_sword":3,"stat.pickup.rustic.chamomile":2,"stat.pickup.zoocraftdiscoveries.seed_mint":11,"stat.pickup.minecraft.carrot":5,"stat.crouchOneCm":142117,"stat.pickup.minecraft.rail":1,"stat.craftItem.minecraft.iron_ingot":75,"stat.craftingTableInteraction":71,"stat.pickup.minecraft.wooden_pickaxe":14,"stat.mineBlock.minecraft.log2":10,"stat.drop.zoocraftdiscoveries.seed_sage":1,"stat.craftItem.minecraft.wooden_sword":2,"stat.pickup.minecraft.dye":163,"stat.pickup.minecraft.planks":224,"stat.pickup.minecraft.wheat_seeds":15,"stat.mineBlock.minecraft.dirt":575,"stat.drop.minecraft.rotten_flesh":411,"stat.useItem.minecraft.cobblestone":401,"stat.useItem.minecraft.gravel":5,"stat.mineBlock.minecraft.double_plant":57,"stat.pickup.zoocraftdiscoveries.seed_dill":8,"stat.pickup.minecraft.iron_pickaxe":9,"stat.drop.minecraft.carrot":2,"stat.drop.minecraft.sapling":1,"stat.pickup.minecraft.chicken":120,"stat.pickup.minecraft.apple":1,"stat.craftItem.minecraft.bucket":1,"stat.craftItem.minecraft.planks":456,"stat.useItem.minecraft.iron_sword":451,"stat.mineBlock.minecraft.log":107,"stat.craftItem.minecraft.wooden_door":3,"stat.useItem.minecraft.wooden_door":2,"stat.pickup.minecraft.red_flower":38,"stat.pickup.minecraft.wool":24,"stat.killEntity.zoocraftdiscoveries.porcupine":3,"stat.useItem.minecraft.wooden_axe":49,"stat.pickup.zoocraftdiscoveries.seed_bay":10,"stat.pickup.ic2.ingot":172,"stat.killEntity.zoocraftdiscoveries.rhino":2,"stat.useItem.minecraft.iron_axe":135,"stat.pickup.explorercraft.basalt_cobblestone":118,"stat.mineBlock.minecraft.cobblestone":46,"stat.pickup.minecraft.stone_pickaxe":7,"stat.pickup.minecraft.flint":10,"stat.mineBlock.minecraft.yellow_flower":3,"stat.drop.minecraft.cobblestone":254,"stat.pickup.minecraft.cooked_porkchop":40,"stat.useItem.minecraft.stone_slab2":140,"stat.pickup.minecraft.bow":8,"stat.pickup.minecraft.iron_boots":3,"stat.craftItem.minecraft.furnace":5,"stat.useItem.minecraft.egg":89,"stat.craftItem.minecraft.iron_boots":3,"stat.craftItem.minecraft.cooked_beef":5,"stat.mineBlock.minecraft.obsidian":6,"stat.pickup.minecraft.diamond_leggings":2,"stat.flyOneCm":1782054,"stat.pickup.rustic.honeycomb":20,"stat.drop.explorercraft.amethyst_sword":2,"stat.pickup.rustic.slate":62,"stat.killEntity.zoocraftdiscoveries.anteater":1,"stat.timeSinceDeath":131418,"stat.pickup.zoocraftdiscoveries.anteater_leather":4,"stat.drop.minecraft.spider_eye":6,"stat.killEntity.Bat":3,"stat.useItem.minecraft.potato":5,"stat.mineBlock.minecraft.coal_ore":530,"stat.drop.zoocraftdiscoveries.seed_chive":7,"stat.killEntity.Creeper":11,"stat.pickup.minecraft.wooden_sword":13,"stat.pickup.minecraft.string":26,"stat.pickup.explorercraft.marble":390,"stat.entityKilledBy.Skeleton":3,"stat.killEntity.Squid":2,"stat.sprintOneCm":2283328,"stat.mineBlock.minecraft.stone_slab":17,"stat.craftItem.minecraft.wooden_axe":2,"stat.killEntity.ebwizardry:evil_wizard":1,"stat.pickup.ic2.resource":200,"stat.mineBlock.minecraft.diamond_ore":36,"stat.pickup.zoocraftdiscoveries.seed_rosemary":10,"stat.pickup.minecraft.sugar":4,"stat.drop.zoocraftdiscoveries.seed_parsley":3,"stat.useItem.minecraft.wooden_sword":69,"stat.killEntity.Zombie":392,"stat.useItem.tconstruct.hammer":6825,"stat.mineBlock.minecraft.gold_ore":40,"stat.diveOneCm":137131,"stat.pickup.minecraft.wheat":2,"stat.mineBlock.minecraft.mossy_cobblestone":1,"stat.pickup.minecraft.sign":4,"stat.pickup.zoocraftdiscoveries.seed_tarragon":4,"stat.craftItem.minecraft.cooked_porkchop":10,"stat.pickup.minecraft.obsidian":5,"stat.craftItem.explorercraft.lamb_shank_cooked":1,"stat.useItem.minecraft.rotten_flesh":59,"stat.jump":8660,"stat.useItem.minecraft.sand":52,"stat.pickup.minecraft.coal":677,"stat.pickup.minecraft.iron_ingot":178,"stat.pickup.minecraft.gunpowder":9,"stat.drop.minecraft.wooden_sword":1,"stat.craftItem.minecraft.torch":80,"stat.pickup.minecraft.dirt":803,"stat.pickup.minecraft.gold_ore":29,"stat.useItem.minecraft.sapling":13,"stat.mineBlock.minecraft.lapis_ore":18,"stat.drop.tconstruct.hammer":2,"stat.pickup.rustic.wind_thistle":6,"stat.pickup.minecraft.iron_axe":10,"stat.damageTaken":8773,"stat.mineBlock.minecraft.red_flower":5,"stat.mineBlock.minecraft.torch":91,"stat.killEntity.tconstruct.blueslime":14,"stat.drop.zoocraftdiscoveries.seed_oregano":2,"stat.pickup.minecraft.log2":10,"stat.pickup.ebwizardry.crystal_flower":1,"stat.pickup.ic2.rubber_wood":1,"stat.pickup.zoocraftdiscoveries.seed_saffron":8,"stat.pickup.minecraft.bed":1,"stat.pickup.minecraft.potato":5,"stat.entityKilledBy.Zombie":1,"stat.pickup.minecraft.diamond_axe":2,"stat.mineBlock.explorercraft.basalt":62,"stat.animalsBred":4,"stat.drop.ic2.resource":10,"stat.craftItem.minecraft.iron_chestplate":2,"stat.pickup.minecraft.baked_potato":32,"stat.pickup.minecraft.ender_pearl":1,"stat.pickup.minecraft.cooked_beef":1,"stat.pickup.zoocraftdiscoveries.rhino_leather":10,"stat.pickup.zoocraftdiscoveries.seed_thyme":10,"stat.mobKills":705,"stat.pickup.minecraft.diamond_boots":2,"stat.pickup.minecraft.diamond":25,"stat.pickup.minecraft.torch":242,"stat.drop.minecraft.arrow":16,"stat.pickup.tconstruct.book":2,"stat.drop.minecraft.waterlily":1,"stat.mineBlock.ebwizardry.crystal_flower":1,"stat.craftItem.minecraft.iron_axe":7,"stat.mineBlock.ic2.rubber_wood":1,"stat.pickup.gravestone.death_info":11,"stat.useItem.explorercraft.amethyst_sword":809,"stat.useItem.minecraft.planks":17,"stat.pickup.minecraft.porkchop":132,"stat.pickup.tconstruct.slimesling":2,"stat.useItem.minecraft.water_bucket":47,"stat.mineBlock.minecraft.red_mushroom":1,"stat.pickup.minecraft.sand":81,"stat.mineBlock.rustic.beehive":2,"stat.pickup.minecraft.name_tag":2,"stat.mineBlock.explorercraft.marble":621,"stat.useItem.minecraft.ender_pearl":1,"stat.pickup.zoocraftdiscoveries.seed_oregano":10,"stat.mineBlock.minecraft.sand":47,"stat.pickup.zoocraftdiscoveries.seed_chive":10,"stat.drop.minecraft.rail":1,"stat.drop.gravestone.death_info":14,"stat.drop.zoocraftdiscoveries.seed_basil":3,"stat.killEntity.zoocraftdiscoveries.gemsbok":2,"stat.useItem.minecraft.cooked_mutton":1,"stat.pickup.minecraft.furnace":6,"stat.pickup.minecraft.iron_chestplate":5,"stat.pickup.minecraft.skull":13,"stat.pickup.minecraft.stone_stairs":1,"stat.drop.zoocraftdiscoveries.seed_rosemary":4,"stat.playOneMinute":1038591,"stat.pickup.minecraft.iron_bars":2,"stat.pickup.minecraft.waterlily":2,"stat.mineBlock.rustic.slate":61,"stat.pickup.minecraft.cooked_chicken":29,"stat.fallOneCm":114897,"stat.drop.minecraft.stone":186,"stat.drop.minecraft.dye":23,"stat.craftItem.minecraft.chest":2,"stat.entityKilledBy.ebwizardry:evil_wizard":1,"stat.mineBlock.ic2.resource":221,"stat.pickup.minecraft.feather":138,"stat.drop.minecraft.bone":4,"stat.useItem.minecraft.furnace":1,"stat.pickup.minecraft.iron_leggings":6,"stat.pickup.minecraft.lead":3,"stat.mineBlock.minecraft.gravel":53,"stat.useItem.minecraft.stone_pickaxe":502,"stat.craftItem.minecraft.iron_leggings":1,"stat.useItem.minecraft.wool":4,"stat.drop.minecraft.stick":2,"stat.drop.minecraft.iron_axe":1,"stat.useItem.minecraft.torch":128,"stat.pickup.rustic.bee":3,"stat.pickup.minecraft.crafting_table":9,"stat.craftItem.minecraft.crafting_table":7,"stat.mineBlock.ebwizardry.crystal_ore":21,"stat.mineBlock.minecraft.emerald_ore":8,"stat.killEntity.zoocraftdiscoveries.frog":1,"stat.pickup.minecraft.log":131,"stat.pickup.minecraft.sapling":29,"stat.pickup.explorercraft.cherry_sapling":2,"stat.pickup.minecraft.wooden_door":3,"stat.drop.minecraft.bow":1,"stat.pickup.rustic.marsh_mallow":6,"stat.pickup.minecraft.diamond_helmet":2,"stat.pickup.tconstruct.slime_boots":2,"stat.sneakTime":42681,"stat.pickup.rustic.chili_pepper_seeds":4,"stat.drop.minecraft.yellow_flower":1,"stat.pickup.minecraft.stone_slab":36,"stat.pickup.minecraft.yellow_flower":11,"stat.pickup.minecraft.chest":1,"stat.pickup.minecraft.bone":126,"stat.drop.zoocraftdiscoveries.seed_mint":1,"stat.swimOneCm":202729,"stat.pickup.zoocraftdiscoveries.frogspawn":42,"stat.climbOneCm":6946,"stat.useItem.minecraft.dirt":436,"stat.pickup.zoocraftdiscoveries.seed_basil":6,"stat.drop.zoocraftdiscoveries.seed_saffron":3,"stat.useItem.minecraft.iron_ore":1,"stat.pickup.rustic.cohosh":6,"stat.craftItem.minecraft.stone_pickaxe":6,"stat.pickup.minecraft.cobblestone":2654,"stat.useItem.minecraft.stone_shovel":263,"stat.drop.minecraft.wheat_seeds":1,"stat.pickup.explorercraft.lamb_shank":36,"stat.useItem.minecraft.cooked_beef":19,"stat.pickup.minecraft.redstone":349,"stat.mineBlock.minecraft.iron_ore":325,"stat.useItem.minecraft.sign":6,"stat.pickup.minecraft.mutton":31,"stat.drop.rustic.chili_pepper_seeds":1,"stat.pickup.minecraft.mossy_cobblestone":1,"stat.pickup.minecraft.wooden_axe":6,"stat.drop.minecraft.dirt":4,"stat.pickup.ebwizardry.magic_crystal":41,"stat.useItem.minecraft.cooked_porkchop":49,"stat.pickup.minecraft.iron_shovel":2,"stat.craftItem.minecraft.stone_slab2":0,"stat.drop.rustic.tomato_seeds":1,"stat.drop.zoocraftdiscoveries.seed_dill":2,"stat.craftItem.minecraft.stick":86,"stat.useItem.minecraft.stone_slab":31,"stat.mineBlock.minecraft.crafting_table":7,"stat.useItem.minecraft.carrot":3,"stat.pickup.minecraft.diamond_chestplate":2,"stat.entityKilledBy.Creeper":3,"stat.mineBlock.minecraft.planks":11,"stat.drop":159,"stat.killEntity.Sheep":25,"stat.pickup.minecraft.slime_ball":6,"stat.pickup.zoocraftdiscoveries.seed_sage":8,"stat.pickup.zoocraftdiscoveries.seed_parsley":8,"stat.drop.minecraft.wooden_pickaxe":1,"stat.pickup.minecraft.gravel":51,"stat.drop.explorercraft.basalt_cobblestone":2,"stat.useItem.explorercraft.lamb_shank_cooked":4,"stat.useItem.minecraft.diamond_axe":105,"stat.useItem.explorercraft.cheese":5,"stat.useItem.minecraft.apple":1,"stat.pickup.tconstruct.sharpening_kit":4,"stat.drop.minecraft.cooked_porkchop":4,"stat.pickup.minecraft.fence":2,"stat.pickup.minecraft.iron_helmet":5,"stat.pickup.minecraft.spider_eye":12,"stat.craftItem.minecraft.iron_helmet":2,"stat.useItem.minecraft.cooked_chicken":9,"stat.pickup.minecraft.iron_ore":235,"stat.pickup.explorercraft.amethyst":33,"stat.boatOneCm":164915,"stat.mineBlock.minecraft.iron_bars":2,"stat.craftItem.minecraft.flint_and_steel":6,"stat.pickup.rustic.tomato_seeds":2,"stat.useItem.explorercraft.marble":2,"stat.mineBlock.minecraft.leaves2":1,"stat.mineBlock.explorercraft.amethyst_ore":15,"stat.mineBlock.minecraft.stone_stairs":1,"stat.pickup.minecraft.leather":22,"stat.mineBlock.minecraft.furnace":4,"stat.useItem.minecraft.wooden_pickaxe":48,"stat.pickup.minecraft.reeds":1,"stat.drop.zoocraftdiscoveries.seed_coriander":4,"stat.damageDealt":76118,"stat.sleepInBed":6,"stat.killEntity.Cow":18,"stat.killEntity.Pig":48,"stat.craftItem.minecraft.iron_sword":3,"stat.craftItem.minecraft.stone_shovel":2,"stat.walkOneCm":2957348,"stat.pickup.minecraft.stick":56,"stat.pickup.zoocraftdiscoveries.seed_lemongrass":6,"stat.drop.zoocraftdiscoveries.seed_bay":3,"stat.pickup.minecraft.stone":2374,"stat.mineBlock.minecraft.wool":2,"stat.pickup.zoocraftdiscoveries.seed_coriander":12,"stat.pickup.minecraft.gold_ingot":22,"stat.killEntity.Skeleton":29,"stat.killEntity.Chicken":86,"stat.killEntity.Spider":23,"stat.pickup.explorercraft.lamb_shank_cooked":23,"stat.pickup.minecraft.water_bucket":3,"stat.mineBlock.minecraft.leaves":153,"stat.mineBlock.minecraft.redstone_ore":88,"stat.mineBlock.minecraft.stone":6564}