{"stat.pickup.explorercraft.amethyst_sword":1,"stat.useItem.minecraft.bow":8,"stat.useItem.minecraft.quartz_block":3,"stat.mineBlock.ic2.sapling":7,"stat.drop.minecraft.gunpowder":7,"stat.drop.minecraft.redstone":7,"stat.pickup.ebwizardry.spell_book":135,"stat.drop.zoocraftdiscoveries.seed_thyme":1,"stat.pickup.tconstruct.faucet":4,"stat.mineBlock.minecraft.web":41,"stat.pickup.minecraft.rotten_flesh":3950,"stat.useItem.minecraft.diamond_hoe":81,"stat.pickup.bloodmagic.incense_altar":4,"stat.useItem.explorercraft.basalt_cobblestone":104,"stat.pickup.minecraft.bucket":18,"stat.useItem.minecraft.rail":9,"stat.killEntity.Enderman":9,"stat.craftItem.minecraft.iron_shovel":6,"stat.pickup.minecraft.brown_mushroom":4,"stat.drop.ebwizardry.spell_book":2,"stat.pickup.atum.graverobbers_map":2,"stat.pickup.zoocraftdiscoveries.gemsbok_leather":14,"stat.killEntity.atum.nomad":40,"stat.useItem.minecraft.iron_pickaxe":2003,"stat.pickup.minecraft.double_plant":2,"stat.pickup.tconstruct.seared_glass":27,"stat.craftItem.minecraft.glass_pane":112,"stat.mineBlock.minecraft.sticky_piston":5,"stat.furnaceInteraction":304,"stat.useItem.explorercraft.jade_axe":782,"stat.pickup.minecraft.nether_brick":2286,"stat.entityKilledBy.WitherSkeleton":2,"stat.killEntity.atum.barbarian":30,"stat.mineBlock.minecraft.wooden_button":2,"stat.craftItem.explorercraft.jade_axe":1,"stat.useItem.rustic.wildberries":5,"stat.useItem.minecraft.fence":2,"stat.mineBlock.tconstruct.ore":436,"stat.useItem.rustic.wind_thistle":1,"stat.pickup.tconstruct.hammer":41,"stat.craftItem.ebwizardry.magic_wand":2,"stat.useItem.minecraft.flint_and_steel":9,"stat.mineBlock.minecraft.fence":2,"stat.useItem.minecraft.wheat_seeds":81,"stat.killEntity.Husk":4,"stat.mineBlock.bloodmagic.path":71,"stat.pickup.ebwizardry.wizard_hat":1,"stat.pickup.minecraft.emerald":33,"stat.pickup.minecraft.lever":8,"stat.deaths":29,"stat.useItem.tconstruct.smeltery_io":4,"stat.useItem.ic2.treetap":15,"stat.pickup.minecraft.egg":832,"stat.craftItem.minecraft.iron_pickaxe":8,"stat.pickup.atum.limestone_brick_chiseled":8,"stat.pickup.minecraft.glass_pane":14,"stat.pickup.ebwizardry.advanced_wand":10,"stat.drop.minecraft.iron_ingot":11,"stat.craftItem.minecraft.repeater":19,"stat.pickup.explorercraft.amethyst_shovel":2,"stat.craftItem.minecraft.cooked_mutton":39,"stat.pickup.atum.isis_healing":4,"stat.pickup.minecraft.cooked_mutton":63,"stat.chestOpened":352,"stat.useItem.ic2.cable":37,"stat.mineBlock.rustic.chamomile":1,"stat.pickup.minecraft.iron_sword":6,"stat.pickup.rustic.chamomile":2,"stat.craftItem.minecraft.quartz_block":199,"stat.pickup.minecraft.gold_nugget":38,"stat.useItem.explorercraft.basalt_polished":197,"stat.craftItem.minecraft.coal":54,"stat.pickup.zoocraftdiscoveries.seed_mint":13,"stat.useItem.rustic.wildberry_bush":9,"stat.craftItem.explorercraft.amethyst_sword":2,"stat.pickup.minecraft.carrot":372,"stat.drop.minecraft.stone_sword":2,"stat.crouchOneCm":375253,"stat.craftItem.ic2.cable":376,"stat.pickup.minecraft.rail":11,"stat.killEntity.atum.pharaoh":3,"stat.craftItem.minecraft.iron_ingot":732,"stat.pickup.rustic.grape_stem":12,"stat.drop.minecraft.slime_ball":7,"stat.craftingTableInteraction":277,"stat.mineBlock.tconstruct.rack":2,"stat.pickup.minecraft.repeater":167,"stat.craftItem.tconstruct.pattern":68,"stat.pickup.minecraft.wooden_pickaxe":3,"stat.drop.minecraft.double_plant":1,"stat.drop.zoocraftdiscoveries.seed_sage":2,"stat.craftItem.atum.golden_date_enchanted":1,"stat.mineBlock.tconstruct.smeltery_io":4,"stat.craftItem.rustic.chain":12,"stat.pickup.ebwizardry.identification_scroll":2,"stat.pickup.ebwizardry.small_mana_flask":226,"stat.craftItem.tconstruct.seared_glass":16,"stat.pickup.minecraft.dye":2089,"stat.pickup.minecraft.planks":1247,"stat.craftItem.tconstruct.slime_congealed":9,"stat.drop.rustic.tallow":4,"stat.pickup.explorercraft.ruby":2,"stat.craftItem.tconstruct.piggybackpack":1,"stat.pickup.tconstruct.pattern":12,"stat.drop.minecraft.rotten_flesh":816,"stat.pickup.minecraft.magma":734,"stat.pickup.ic2.bronze_pickaxe":1,"stat.pickup.tconstruct.pickaxe":4,"stat.drop.rustic.horsetail":32,"stat.pickup.explorercraft.amethyst_helmet":1,"stat.drop.minecraft.sapling":7,"stat.pickup.explorercraft.slate_pillar":6,"stat.pickup.minecraft.chicken":104,"stat.drop.minecraft.gold_nugget":19,"stat.craftItem.ic2.plate":636,"stat.drop.ic2.sapling":2,"stat.pickup.atum.coin_dirty":86,"stat.mineBlock.atum.coal_ore":4,"stat.craftItem.minecraft.bucket":10,"stat.craftItem.minecraft.planks":1108,"stat.useItem.minecraft.iron_sword":1193,"stat.drop.tconstruct.metal":2,"stat.pickup.minecraft.stone_sword":5,"stat.pickup.minecraft.book":278,"stat.useItem.minecraft.stonebrick":76,"stat.craftItem.minecraft.log":1,"stat.craftItem.ic2.re_battery":20,"stat.pickup.atum.loot_dirty_idol":1,"stat.craftItem.ic2.crowbar":1,"stat.pickup.atum.limestone_brick_cracked_brick":10,"stat.pickup.zoocraftdiscoveries.seed_bay":9,"stat.mineBlock.minecraft.cobblestone":912,"stat.pickup.minecraft.stone_pickaxe":6,"stat.pickup.minecraft.flint":105,"stat.pickup.rustic.mooncap_mushroom":8,"stat.drop.minecraft.cobblestone":13,"stat.pickup.minecraft.cooked_porkchop":43,"stat.drop.bloodmagic.soul_gem":1,"stat.useItem.minecraft.stone_slab2":787,"stat.drop.ebwizardry.magic_wand":2,"stat.pickup.forge.bucketfilled":10,"stat.pickup.minecraft.iron_boots":2,"stat.craftItem.minecraft.furnace":89,"stat.craftItem.minecraft.lapis_block":83,"stat.craftItem.minecraft.iron_boots":1,"stat.drop.rustic.wind_thistle":9,"stat.drop.atum.coin_dirty":1,"stat.mineBlock.minecraft.clay":178,"stat.pickup.minecraft.diamond_leggings":9,"stat.killEntity.zoocraftdiscoveries.anteater":45,"stat.craftItem.rustic.planks":40,"stat.drop.minecraft.spider_eye":109,"stat.craftItem.minecraft.iron_block":170,"stat.useItem.minecraft.totem_of_undying":1,"stat.killEntity.ebwizardry:lightning_wraith":9,"stat.craftItem.minecraft.stonebrick":120,"stat.pickup.ic2.cutter":3,"stat.drop.minecraft.flint_and_steel":2,"stat.useItem.tconstruct.rack":2,"stat.drop.minecraft.wool":8,"stat.killEntity.Creeper":57,"stat.pickup.rustic.planks":82,"stat.pickup.minecraft.wooden_sword":4,"stat.craftItem.ebwizardry.spell_book":1,"stat.pickup.ebwizardry.magic_wand":17,"stat.entityKilledBy.Skeleton":3,"stat.killEntity.Squid":3,"stat.sprintOneCm":6299454,"stat.mineBlock.minecraft.stone_slab":139,"stat.drop.minecraft.leather":3,"stat.pickup.ic2.resource":442,"stat.drop.tconstruct.cleaver":9,"stat.pickup.ebwizardry.apprentice_wand":8,"stat.craftItem.ebwizardry.small_mana_flask":59,"stat.pickup.zoocraftdiscoveries.seed_rosemary":11,"stat.craftItem.minecraft.redstone_lamp":12,"stat.mineBlock.atum.sand_layer":51,"stat.pickup.minecraft.sugar":14,"stat.drop.tconstruct.piggybackpack":1,"stat.entityKilledBy.atum.nomad":1,"stat.drop.explorercraft.ruby_sword":1,"stat.pickup.minecraft.iron_block":5,"stat.craftItem.backpack.backpack_piece":9,"stat.killEntity.Zombie":1587,"stat.craftItem.minecraft.dye":639,"stat.craftItem.minecraft.diamond_axe":1,"stat.mineBlock.minecraft.gold_ore":189,"stat.pickup.minecraft.wheat":336,"stat.craftItem.minecraft.sandstone":57,"stat.mineBlock.minecraft.mossy_cobblestone":321,"stat.pickup.zoocraftdiscoveries.seed_tarragon":8,"stat.pickup.minecraft.sign":11,"stat.mineBlock.atum.limestone_brick_large":7,"stat.pickup.atum.desert_wolf_gold_armor":1,"stat.craftItem.minecraft.cooked_porkchop":75,"stat.mineBlock.tconstruct.slime_leaves":10,"stat.pickup.minecraft.obsidian":118,"stat.craftItem.explorercraft.lamb_shank_cooked":43,"stat.pickup.minecraft.coal":2779,"stat.pickup.minecraft.iron_ingot":2144,"stat.pickup.tconstruct.seared_tank":12,"stat.craftItem.minecraft.lever":4,"stat.drop.minecraft.diamond_sword":1,"stat.pickup.minecraft.gunpowder":219,"stat.pickup.minecraft.dirt":6308,"stat.drop.ic2.misc_resource":31,"stat.mineBlock.minecraft.lapis_ore":67,"stat.pickup.rustic.wind_thistle":47,"stat.pickup.minecraft.iron_axe":1,"stat.useItem.minecraft.stone_brick_stairs":3,"stat.mineBlock.minecraft.red_flower":15,"stat.mineBlock.minecraft.torch":184,"stat.tradedWithVillager":1,"stat.pickup.minecraft.magma_cream":4,"stat.craftItem.minecraft.comparator":12,"stat.craftItem.minecraft.glowstone":19,"stat.pickup.zoocraftdiscoveries.seed_saffron":16,"stat.drop.ebwizardry.wizard_boots_earth":4,"stat.mineBlock.explorercraft.basalt":518,"stat.drop.zoocraftdiscoveries.seed_lemongrass":2,"stat.pickup.ic2.re_battery":1,"stat.craftItem.tconstruct.smeltery_io":8,"stat.pickup.minecraft.diamond_pickaxe":21,"stat.useItem.minecraft.gold_ore":4,"stat.useItem.minecraft.lava_bucket":14,"stat.drop.tconstruct.materials":1,"stat.drop.minecraft.netherrack":394,"stat.drop.bloodmagic.sentient_armour_helmet":2,"stat.drop.ic2.resource":17,"stat.pickup.explorercraft.amethyst_pickaxe":2,"stat.craftItem.tconstruct.fancy_frame":10,"stat.pickup.bloodmagic.sentient_armour_leggings":8,"stat.useItem.minecraft.redstone_ore":16,"stat.craftItem.tconstruct.firewood":27,"stat.drop.bloodmagic.pack_sacrifice":1,"stat.pickup.atum.khnumite":4,"stat.drop.minecraft.nether_brick":64,"stat.drop.minecraft.lever":2,"stat.pickup.zoocraftdiscoveries.rhino_leather":9,"stat.pickup.ic2.cable":126,"stat.pickup.atum.atums_will":5,"stat.pickup.zoocraftdiscoveries.seed_thyme":11,"stat.craftItem.ebwizardry.crystal_shard":459,"stat.mobKills":3147,"stat.pickup.minecraft.diamond_boots":10,"stat.mineBlock.minecraft.bookshelf":40,"stat.pickup.rustic.tallow":10,"stat.useItem.minecraft.boat":4,"stat.useItem.minecraft.mossy_cobblestone":28,"stat.craftItem.minecraft.lead":2,"stat.mineBlock.tconstruct.wooden_hopper":1,"stat.pickup.minecraft.diamond":655,"stat.craftItem.ic2.wrench":6,"stat.mineBlock.rustic.wind_thistle":8,"stat.drop.explorercraft.basalt_polished":4,"stat.pickup.atum.short_bow":6,"stat.mineBlock.ebwizardry.crystal_flower":28,"stat.useItem.minecraft.bookshelf":34,"stat.useItem.minecraft.soul_sand":7,"stat.drop.ic2.crafting":1,"stat.mineBlock.ic2.rubber_wood":310,"stat.killEntity.Blaze":95,"stat.mineBlock.atum.limestone_brick_chiseled":2,"stat.drop.minecraft.shield":1,"stat.drop.minecraft.skull":6,"stat.drop.tconstruct.pickaxe":1,"stat.pickup.minecraft.glowstone_dust":266,"stat.drop.minecraft.wooden_door":3,"stat.drop.tconstruct.slime_boots":2,"stat.drop.bloodmagic.blood_orb":2,"stat.mineBlock.minecraft.nether_brick_fence":18,"stat.drop.minecraft.poisonous_potato":4,"stat.pickup.tconstruct.metal":2,"stat.useItem.bloodmagic.sentient_sword":1,"stat.craftItem.tconstruct.casting":12,"stat.pickup.minecraft.wooden_hoe":1,"stat.mineBlock.explorercraft.marble":1507,"stat.craftItem.minecraft.stone_sword":1,"stat.mineBlock.minecraft.sand":1285,"stat.pickup.zoocraftdiscoveries.seed_chive":9,"stat.craftItem.backpack.stick":36,"stat.craftItem.explorercraft.amethyst_pickaxe":1,"stat.hopperInspected":13,"stat.craftItem.atum.scarab":1,"stat.pickup.tconstruct.slime_sapling":17,"stat.drop.minecraft.diamond":64,"stat.useItem.tconstruct.channel":8,"stat.pickup.atum.limestone_chest":4,"stat.drop.zoocraftdiscoveries.anteater_leather":5,"stat.pickup.minecraft.ghast_tear":10,"stat.craftItem.minecraft.magma_cream":20,"stat.killEntity.zoocraftdiscoveries.gemsbok":5,"stat.pickup.tconstruct.cleaver":31,"stat.pickup.minecraft.wooden_button":2,"stat.mineBlock.atum.limestone_brick_small":3,"stat.useItem.rustic.stone_pillar":88,"stat.useItem.zoocraftdiscoveries.seed_parsley":1,"stat.useItem.minecraft.cooked_mutton":110,"stat.pickup.minecraft.totem_of_undying":8,"stat.killEntity.atum.mummy":59,"stat.mineBlock.tconstruct.seared_glass":23,"stat.useItem.tconstruct.scythe":1,"stat.killEntity.atum.stoneguard":6,"stat.pickup.minecraft.stone_stairs":9,"stat.useItem.ic2.sapling":35,"stat.pickup.tconstruct.slime_dirt":18,"stat.pickup.minecraft.saddle":11,"stat.mineBlock.minecraft.soul_sand":252,"stat.pickup.minecraft.blaze_rod":50,"stat.drop.minecraft.chest":4,"stat.pickup.minecraft.netherrack":2244,"stat.pickup.tconstruct.fancy_frame":13,"stat.pickup.tconstruct.casting":14,"stat.pickup.minecraft.detector_rail":2,"stat.useItem.ebwizardry.crystal_flower":2,"stat.drop.rustic.honeycomb":4,"stat.drop.ebwizardry.small_mana_flask":2,"stat.pickup.tconstruct.excavator":16,"stat.drop.minecraft.stone":336,"stat.useItem.tconstruct.fancy_frame":13,"stat.pickup.ic2.casing":18,"stat.craftItem.tconstruct.wooden_hopper":1,"stat.pickup.minecraft.melon_seeds":1,"stat.mineBlock.rustic.horsetail":8,"stat.craftItem.tconstruct.toolforge":1,"stat.pickup.minecraft.melon":8,"stat.drop.atum.brigand_shield":6,"stat.mineBlock.ic2.resource":714,"stat.drop.minecraft.bone":18,"stat.drop.bloodmagic.path":3,"stat.craftItem.minecraft.wooden_button":2,"stat.useItem.minecraft.furnace":4,"stat.craftItem.tconstruct.materials":154,"stat.pickup.minecraft.iron_leggings":9,"stat.mineBlock.minecraft.gravel":666,"stat.useItem.minecraft.wool":2,"stat.useItem.atum.short_bow":39,"stat.drop.minecraft.reeds":44,"stat.craftItem.explorercraft.amethyst_shovel":2,"stat.craftItem.minecraft.leather":114,"stat.pickup.minecraft.flint_and_steel":11,"stat.useItem.minecraft.torch":1498,"stat.pickup.rustic.bee":13,"stat.pickup.minecraft.golden_apple":7,"stat.craftItem.minecraft.redstone_block":342,"stat.pickup.minecraft.crafting_table":41,"stat.useItem.minecraft.log":23,"stat.useItem.minecraft.comparator":35,"stat.craftItem.minecraft.crafting_table":27,"stat.useItem.atum.limestone":82,"stat.craftItem.minecraft.boat":4,"stat.mineBlock.ebwizardry.crystal_ore":145,"stat.mineBlock.minecraft.emerald_ore":12,"stat.killEntity.zoocraftdiscoveries.frog":8,"stat.pickup.minecraft.redstone_block":18,"stat.drop.minecraft.sign":1,"stat.drop.minecraft.stonebrick":38,"stat.mineBlock.bloodmagic.incense_altar":2,"stat.drop.ic2.wrench":7,"stat.craftItem.minecraft.stone_button":3,"stat.pickup.atum.sarcophagus":3,"stat.drop.backpack.backpack":3,"stat.pickup.minecraft.sapling":387,"stat.mineBlock.tconstruct.toolforge":3,"stat.mineBlock.tconstruct.slime_grass":9,"stat.killEntity.WitherSkeleton":30,"stat.killEntity.atum.forsaken":30,"stat.drop.rustic.cohosh":11,"stat.pickup.minecraft.golden_sword":2,"stat.pickup.ic2.wrench":8,"stat.pickup.rustic.chili_pepper_seeds":10,"stat.pickup.ic2.sapling":99,"stat.drop.minecraft.bucket":1,"stat.pickup.rustic.deathstalk_mushroom":15,"stat.useItem.minecraft.baked_potato":176,"stat.pickup.minecraft.stone_slab":183,"stat.drop.minecraft.yellow_flower":1,"stat.pickup.minecraft.yellow_flower":11,"stat.pickup.minecraft.golden_rail":1,"stat.drop.minecraft.stone_pickaxe":3,"stat.craftItem.minecraft.diamond_chestplate":2,"stat.pickup.minecraft.bone":235,"stat.craftItem.minecraft.sticky_piston":2,"stat.mineBlock.tconstruct.tinker_tank_controller":2,"stat.pickup.minecraft.redstone_torch":43,"stat.horseOneCm":54373,"stat.pickup.bloodmagic.sentient_armour_helmet":10,"stat.drop.tconstruct.sharpening_kit":15,"stat.drop.minecraft.mossy_cobblestone":1,"stat.drop.zoocraftdiscoveries.seed_mint":5,"stat.useItem.minecraft.diamond_sword":35,"stat.pickup.atum.sand":379,"stat.craftItem.tconstruct.slimesling":4,"stat.craftItem.minecraft.diamond_helmet":2,"stat.pickup.zoocraftdiscoveries.frogspawn":20,"stat.pickup.rustic.ginseng":3,"stat.climbOneCm":23289,"stat.craftItem.minecraft.gold_block":44,"stat.pickup.atum.desert_helmet_gold":1,"stat.entityKilledBy.atum.brigand":2,"stat.drop.minecraft.quartz":39,"stat.pickup.explorercraft.basalt":804,"stat.pickup.zoocraftdiscoveries.seed_basil":7,"stat.pickup.atum.iron_scimitar":18,"stat.useItem.atum.golden_date":1,"stat.useItem.rustic.slate":31,"stat.useItem.tconstruct.lumberaxe":1955,"stat.useItem.minecraft.iron_ore":18,"stat.drop.zoocraftdiscoveries.seed_saffron":2,"stat.craftItem.minecraft.trapdoor":10,"stat.pickup.rustic.cohosh":22,"stat.craftItem.minecraft.stone_pickaxe":2,"stat.pickup.minecraft.cobblestone":8517,"stat.craftItem.minecraft.glass_bottle":54,"stat.pickup.minecraft.soul_sand":405,"stat.craftItem.ic2.ingot":145,"stat.pickup.bloodmagic.monster_soul":3,"stat.useItem.minecraft.cooked_beef":2,"stat.pickup.explorercraft.lamb_shank":258,"stat.pickup.zoocraftdiscoveries.camel_leather":2,"stat.pickup.minecraft.redstone":4260,"stat.mineBlock.minecraft.iron_ore":649,"stat.craftItem.minecraft.book":58,"stat.drop.rustic.chili_pepper_seeds":2,"stat.drop.minecraft.name_tag":2,"stat.pickup.minecraft.mossy_cobblestone":1270,"stat.drop.minecraft.coal":62,"stat.pickup.tconstruct.soil":52,"stat.drop.minecraft.dirt":175,"stat.useItem.minecraft.cooked_porkchop":60,"stat.pickup.minecraft.iron_shovel":7,"stat.pickup.rustic.sapling":1,"stat.pickup.minecraft.trapdoor":1,"stat.pickup.rustic.stone_pillar":82,"stat.pickup.ebwizardry.smoke_bomb":1,"stat.useItem.explorercraft.amethyst_shovel":1546,"stat.craftItem.tconstruct.soil":1186,"stat.pickup.atum.pharaoh_torch":33,"stat.useItem.tconstruct.edible":1,"stat.pickup.atum.weed":4,"stat.craftItem.ic2.casing":470,"stat.craftItem.tconstruct.slime_boots":6,"stat.pickup.minecraft.nether_star":1,"stat.pickup.minecraft.paper":92,"stat.craftItem.minecraft.stick":544,"stat.craftItem.minecraft.gold_nugget":9,"stat.pickup.minecraft.grass":116,"stat.pickup.minecraft.diamond_chestplate":9,"stat.entityKilledBy.Creeper":2,"stat.craftItem.atum.pharaoh_torch":16,"stat.mineBlock.minecraft.planks":40,"stat.drop":834,"stat.killEntity.Sheep":126,"stat.useItem.tconstruct.seared":216,"stat.pickup.zoocraftdiscoveries.seed_sage":6,"stat.pickup.atum.date":4,"stat.craftItem.backpack.backpack":4,"stat.pickup.rustic.wildberry_bush":36,"stat.craftItem.minecraft.piston":36,"stat.pickup.atum.limestone_brick_chiseled_door":21,"stat.useItem.explorercraft.lamb_shank_cooked":119,"stat.pickup.tconstruct.sharpening_kit":12,"stat.craftItem.ic2.forge_hammer":14,"stat.pickup.minecraft.fence":2,"stat.mineBlock.tconstruct.soil":3,"stat.pickup.ebwizardry.poison_bomb":2,"stat.pickup.tconstruct.tinker_tank_controller":2,"stat.craftItem.minecraft.iron_helmet":1,"stat.mineBlock.explorercraft.maple_leaves":2,"stat.pickup.explorercraft.amethyst":236,"stat.boatOneCm":215615,"stat.pickup.atum.golden_date":20,"stat.craftItem.minecraft.flint_and_steel":1,"stat.useItem.minecraft.redstone_lamp":11,"stat.pickup.rustic.tomato_seeds":8,"stat.mineBlock.tconstruct.tooltables":29,"stat.mineBlock.minecraft.stone_stairs":10,"stat.drop.bloodmagic.sentient_armour_leggings":2,"stat.mineBlock.minecraft.furnace":15,"stat.drop.minecraft.water_bucket":1,"stat.useItem.ebwizardry.apprentice_wand":1,"stat.killEntity.atum.brigand":102,"stat.killEntity.CaveSpider":6,"stat.drop.zoocraftdiscoveries.seed_coriander":3,"stat.damageDealt":381016,"stat.useItem.explorercraft.basalt_pillar":14,"stat.pickup.atum.desert_legs_iron":2,"stat.useItem.minecraft.crafting_table":3,"stat.useItem.explorercraft.slate_pillar":1,"stat.pickup.atum.dusty_bone":46,"stat.pickup.minecraft.stick":208,"stat.mineBlock.atum.papyrus":1,"stat.drop.minecraft.iron_block":3,"stat.craftItem.minecraft.diamond_boots":1,"stat.pickup.atum.iron_khopesh":1,"stat.craftItem.minecraft.redstone":454,"stat.craftItem.ic2.crafting":50,"stat.pickup.ebwizardry.crystal_shard":4,"stat.killEntity.Chicken":58,"stat.mineBlock.minecraft.quartz_ore":563,"stat.pickup.ebwizardry.runestone":73,"stat.mineBlock.explorercraft.basalt_polished":8,"stat.pickup.explorercraft.lamb_shank_cooked":534,"stat.mineBlock.explorercraft.cherry_log":18,"stat.craftItem.minecraft.fence":3,"stat.useItem.minecraft.golden_apple":9,"stat.mineBlock.minecraft.leaves":310,"stat.useItem.tconstruct.longbow":57,"stat.mineBlock.minecraft.piston":3,"stat.mineBlock.tconstruct.seared":129,"stat.mineBlock.rustic.stone_pillar":17,"stat.drop.tconstruct.book":5,"stat.mineBlock.explorercraft.basalt_cobblestone":107,"stat.pickup.ic2.crowbar":1,"stat.pickup.minecraft.wooden_slab":1,"stat.craftItem.minecraft.diamond_hoe":1,"stat.leaveGame":31,"stat.mineBlock.explorercraft.daffodil":1,"stat.killEntity.zoocraftdiscoveries.gecko":2,"stat.mineBlock.explorercraft.basalt_pillar":2,"stat.pickup.tconstruct.edible":63,"stat.mineBlock.rustic.leaves":2,"stat.mineBlock.tconstruct.channel":8,"stat.pickup.atum.dagger_poison":1,"stat.mineBlock.minecraft.sandstone":1,"stat.drop.forge.bucketfilled":1,"stat.killEntity.PigZombie":8,"stat.craftItem.minecraft.shield":3,"stat.useItem.elevatorid.elevator_white":2,"stat.mineBlock.gravestone.gravestone":29,"stat.drop.tconstruct.firewood":4,"stat.pickup.explorercraft.jade_axe":5,"stat.mineBlock.atum.small_stairs":1,"stat.useItem.tconstruct.throwball":2,"stat.mineBlock.minecraft.wooden_slab":1,"stat.pickup.tconstruct.slime":1,"stat.pickup.tconstruct.piggybackpack":2,"stat.mineBlock.rustic.log":15,"stat.killEntity.Witch":12,"stat.drop.minecraft.sand":1,"stat.pickup.atum.limestone_torch":3,"stat.craftItem.explorercraft.amethyst_chestplate":1,"stat.pickup.explorercraft.bamboo_log":195,"stat.useItem.zoocraftdiscoveries.frogspawn":8,"stat.craftItem.minecraft.wooden_pickaxe":1,"stat.useItem.tconstruct.ore":3,"stat.drop.bloodmagic.sentient_sword":1,"stat.useItem.minecraft.iron_shovel":1372,"stat.useItem.tconstruct.soil":3,"stat.drop.minecraft.cooked_mutton":3,"stat.craftItem.minecraft.bed":7,"stat.pickup.atum.ectoplasm":76,"stat.pickup.atum.loot_dirty_scepter":1,"stat.mineBlock.minecraft.vine":14,"stat.pickup.rustic.wildberries":167,"stat.drop.minecraft.gravel":21,"stat.mineBlock.minecraft.rail":3,"stat.craftItem.ic2.te":79,"stat.killEntity.ZombieVillager":8,"stat.drop.minecraft.red_flower":4,"stat.pickup.minecraft.beef":26,"stat.pickup.explorercraft.amethyst_chestplate":4,"stat.pickup.ebwizardry.arcane_tome":1,"stat.useItem.minecraft.trapdoor":8,"stat.drop.tconstruct.hammer_head":1,"stat.drop.minecraft.lead":3,"stat.pickup.minecraft.potion":5,"stat.pickup.tconstruct.smeltery_io":4,"stat.pickup.atum.desert_helmet_diamond":4,"stat.useItem.minecraft.wooden_button":1,"stat.pickup.ic2.misc_resource":121,"stat.pickup.rustic.olives":2,"stat.drop.minecraft.netherbrick":15,"stat.mineBlock.ic2.leaves":149,"stat.pickup.backpack.backpack":36,"stat.useItem.minecraft.dye":196,"stat.drop.zoocraftdiscoveries.gemsbok_leather":3,"stat.craftItem.ebwizardry.advanced_wand":1,"stat.useItem.minecraft.nether_brick":525,"stat.drop.minecraft.torch":18,"stat.mineBlock.minecraft.tallgrass":586,"stat.mineBlock.atum.limestone_brick_cracked_brick":2,"stat.pickup.tconstruct.seared":138,"stat.pickup.atum.mandibles":4,"stat.useItem.minecraft.stone":2150,"stat.pickup.minecraft.arrow":461,"stat.pickup.atum.emmer_seeds":13,"stat.pickup.tconstruct.hammer_head":4,"stat.killEntity.Ghast":4,"stat.pickup.atum.iron_greatsword":4,"stat.mineBlock.rustic.deathstalk_mushroom":2,"stat.useItem.minecraft.clay":1,"stat.mineBlock.elevatorid.elevator_white":2,"stat.pickup.tconstruct.cast_custom":1,"stat.mineBlock.atum.limestone_torch_unlit":3,"stat.mineBlock.minecraft.chest":9,"stat.pickup.minecraft.nether_brick_fence":16,"stat.useItem.minecraft.reeds":73,"stat.drop.ic2.plate":3,"stat.craftItem.minecraft.wooden_sword":1,"stat.craftItem.minecraft.nether_brick":1803,"stat.pickup.minecraft.wheat_seeds":852,"stat.craftItem.ebwizardry.wizard_handbook":1,"stat.mineBlock.minecraft.dirt":2981,"stat.pickup.minecraft.poisonous_potato":16,"stat.useItem.explorercraft.basalt":1,"stat.drop.minecraft.paper":1,"stat.useItem.minecraft.bread":4,"stat.pickup.atum.limestone_cracked":212,"stat.pickup.bloodmagic.sentient_armour_boots":9,"stat.drop.explorercraft.amethyst_shovel":1,"stat.useItem.minecraft.cobblestone":1520,"stat.drop.explorercraft.lamb_shank_cooked":27,"stat.useItem.minecraft.gravel":56,"stat.mineBlock.minecraft.double_plant":15,"stat.pickup.zoocraftdiscoveries.seed_dill":13,"stat.minecartOneCm":46746,"stat.pickup.minecraft.iron_pickaxe":3,"stat.useItem.tconstruct.pickaxe":784,"stat.drop.minecraft.carrot":38,"stat.craftItem.minecraft.gold_ingot":168,"stat.useItem.ic2.bronze_pickaxe":3,"stat.pickup.atum.large_stairs":89,"stat.pickup.minecraft.apple":79,"stat.itemEnchanted":8,"stat.killEntity.atum.wraith":66,"stat.mineBlock.minecraft.log":1774,"stat.craftItem.minecraft.paper":360,"stat.pickup.minecraft.red_flower":46,"stat.pickup.minecraft.wool":183,"stat.killEntity.zoocraftdiscoveries.porcupine":7,"stat.craftItem.tconstruct.tinker_tank_controller":2,"stat.craftItem.tconstruct.slime":1,"stat.drop.minecraft.totem_of_undying":1,"stat.pickup.ic2.ingot":1894,"stat.craftItem.minecraft.diamond_leggings":2,"stat.useItem.minecraft.iron_axe":168,"stat.pickup.explorercraft.basalt_cobblestone":484,"stat.useItem.explorercraft.amethyst_pickaxe":737,"stat.craftItem.tconstruct.edible":85,"stat.useItem.tconstruct.mattock":222,"stat.pickup.atum.camel_iron_armor":1,"stat.mineBlock.minecraft.yellow_flower":1,"stat.useItem.minecraft.skull":2,"stat.craftItem.minecraft.wool":4,"stat.drop.minecraft.saddle":3,"stat.pickup.minecraft.enchanted_book":13,"stat.pickup.minecraft.sticky_piston":5,"stat.pickup.minecraft.bow":6,"stat.useItem.tconstruct.cleaver":228,"stat.craftItem.backpack.bound_leather":14,"stat.mineBlock.minecraft.detector_rail":2,"stat.useItem.minecraft.egg":418,"stat.useItem.atum.ptahs_decadence":4,"stat.craftItem.minecraft.cooked_beef":2,"stat.mineBlock.minecraft.obsidian":102,"stat.pickup.minecraft.shears":10,"stat.pickup.atum.fertile_soil_pile":10,"stat.pickup.atum.scarab":1,"stat.flyOneCm":11083128,"stat.pickup.minecraft.sandstone":1,"stat.pickup.rustic.honeycomb":18,"stat.killEntity.atum.assassin":5,"stat.pickup.rustic.slate":317,"stat.timeSinceDeath":124211,"stat.pickup.zoocraftdiscoveries.anteater_leather":108,"stat.mineBlock.atum.sand":343,"stat.drop.bloodmagic.monster_soul":1,"stat.mineBlock.rustic.cohosh":2,"stat.pickup.ebwizardry.arcane_workbench":1,"stat.killEntity.Bat":6,"stat.useItem.minecraft.potato":289,"stat.craftItem.tconstruct.seared":138,"stat.pickup.minecraft.nether_wart":33,"stat.pickup.ebwizardry.firebomb":10,"stat.mineBlock.minecraft.enchanting_table":3,"stat.drop.ebwizardry.firebomb":1,"stat.drop.tconstruct.throwball":2,"stat.mineBlock.explorercraft.slate_pillar":2,"stat.mineBlock.minecraft.coal_ore":1153,"stat.drop.zoocraftdiscoveries.seed_chive":4,"stat.pickup.explorercraft.maple_log":30,"stat.pickup.minecraft.shield":5,"stat.talkedToVillager":42,"stat.pickup.minecraft.string":528,"stat.pickup.explorercraft.marble":1539,"stat.mineBlock.explorercraft.bamboo_log":4,"stat.drop.bloodmagic.sentient_armour_chest":3,"stat.craftItem.tconstruct.tooltables":8,"stat.killEntity.ebwizardry:evil_wizard":7,"stat.mineBlock.rustic.wildberry_bush":9,"stat.mineBlock.minecraft.diamond_ore":59,"stat.pickup.ebwizardry.wizard_boots_earth":14,"stat.entityKilledBy.atum.pharaoh":2,"stat.useItem.tconstruct.seared_tank":1,"stat.drop.zoocraftdiscoveries.seed_parsley":6,"stat.mineBlock.atum.weed":2,"stat.useItem.minecraft.wooden_sword":20,"stat.pickup.tconstruct.ore":345,"stat.useItem.minecraft.ladder":7,"stat.drop.ebwizardry.crystal_flower":25,"stat.killEntity.atum.bonestorm":29,"stat.pickup.explorercraft.basalt_polished":15,"stat.useItem.tconstruct.hammer":25924,"stat.diveOneCm":163674,"stat.pickup.tconstruct.tooltables":31,"stat.mineBlock.tconstruct.firewood":1,"stat.craftItem.ic2.cutter":5,"stat.useItem.minecraft.sticky_piston":3,"stat.craftItem.minecraft.ladder":9,"stat.mineBlock.minecraft.stone_button":3,"stat.drop.minecraft.ladder":5,"stat.pickup.ic2.te":181,"stat.useItem.minecraft.rotten_flesh":47,"stat.drop.minecraft.apple":3,"stat.craftItem.minecraft.diamond_sword":1,"stat.jump":40852,"stat.useItem.minecraft.sand":53,"stat.drop.atum.scarab":2,"stat.drop.tconstruct.pattern":1,"stat.craftItem.minecraft.torch":1073,"stat.pickup.ic2.crafting":130,"stat.pickup.rustic.log":15,"stat.pickup.minecraft.gold_ore":78,"stat.useItem.minecraft.sapling":1,"stat.drop.tconstruct.hammer":11,"stat.pickup.tconstruct.firewood":6,"stat.damageTaken":37099,"stat.pickup.ebwizardry.scroll":7,"stat.mineBlock.minecraft.melon_block":1,"stat.killEntity.tconstruct.blueslime":81,"stat.drop.zoocraftdiscoveries.seed_oregano":1,"stat.pickup.ebwizardry.crystal_flower":137,"stat.drop.tconstruct.slimesling":3,"stat.pickup.ic2.rubber_wood":423,"stat.pickup.atum.cloth_scrap":34,"stat.pickup.minecraft.bed":20,"stat.pickup.tconstruct.ingots":1561,"stat.pickup.minecraft.quartz_block":3,"stat.pickup.minecraft.potato":2623,"stat.useItem.forge.bucketfilled":11,"stat.entityKilledBy.Zombie":2,"stat.drop.bloodmagic.sigil_divination":4,"stat.drop.rustic.ginseng":3,"stat.craftItem.explorercraft.basalt_polished":214,"stat.craftItem.minecraft.stone_slab":108,"stat.useItem.tconstruct.shovel":162,"stat.animalsBred":121,"stat.useItem.minecraft.chest":5,"stat.pickup.atum.golden_date_enchanted":4,"stat.useItem.tconstruct.faucet":4,"stat.craftItem.minecraft.iron_chestplate":2,"stat.pickup.minecraft.baked_potato":812,"stat.drop.minecraft.potato":4,"stat.pickup.minecraft.ender_pearl":15,"stat.pickup.atum.loot_dirty_necklace":5,"stat.pickup.minecraft.ladder":18,"stat.useItem.minecraft.netherrack":484,"stat.craftItem.minecraft.bookshelf":37,"stat.mineBlock.minecraft.stonebrick":31,"stat.mineBlock.minecraft.glowstone":67,"stat.mineBlock.atum.limestone":474,"stat.craftItem.minecraft.shears":1,"stat.craftItem.explorercraft.slate_pillar":4,"stat.pickup.minecraft.torch":1189,"stat.pickup.atum.loot_dirty_ring":9,"stat.drop.minecraft.arrow":11,"stat.pickup.tconstruct.book":20,"stat.mineBlock.tconstruct.seared_tank":10,"stat.pickup.tconstruct.wooden_hopper":1,"stat.pickup.atum.disenchanting_scroll":7,"stat.craftItem.minecraft.iron_axe":1,"stat.pickup.bloodmagic.path":48,"stat.drop.bloodmagic.soul_snare":4,"stat.pickup.minecraft.lapis_block":4,"stat.pickup.gravestone.death_info":40,"stat.useItem.explorercraft.amethyst_sword":919,"stat.craftItem.explorercraft.amethyst_helmet":1,"stat.useItem.minecraft.planks":246,"stat.pickup.minecraft.porkchop":106,"stat.pickup.minecraft.glass":76,"stat.drop.ebwizardry.magic_crystal":78,"stat.pickup.tconstruct.slimesling":19,"stat.useItem.minecraft.water_bucket":109,"stat.pickup.minecraft.sand":2136,"stat.craftItem.minecraft.golden_apple":20,"stat.entityKilledBy.Spider":1,"stat.mineBlock.rustic.beehive":1,"stat.drop.atum.iron_scimitar":2,"stat.pickup.minecraft.name_tag":1,"stat.useItem.minecraft.ender_pearl":1,"stat.pickup.zoocraftdiscoveries.seed_oregano":6,"stat.mineBlock.atum.relic_ore":1,"stat.pickup.elevatorid.elevator_white":3,"stat.craftItem.minecraft.blaze_powder":84,"stat.pickup.atum.loot_dirty_broach":5,"stat.drop.minecraft.golden_sword":1,"stat.drop.tconstruct.excavator":1,"stat.mineBlock.tconstruct.slime_grass_tall":27,"stat.drop.gravestone.death_info":34,"stat.drop.zoocraftdiscoveries.seed_basil":5,"stat.pickup.bloodmagic.soul_snare":4,"stat.craftItem.rustic.chandelier":4,"stat.pickup.ic2.plate":24,"stat.craftItem.ebwizardry.arcane_workbench":2,"stat.drop.minecraft.stone_slab":3,"stat.craftItem.ebwizardry.magic_silk":8,"stat.mineBlock.ebwizardry.runestone":75,"stat.pickup.minecraft.furnace":18,"stat.useItem.atum.pharaoh_torch":16,"stat.useItem.minecraft.redstone":163,"stat.pickup.tconstruct.cast":7,"stat.mineBlock.minecraft.redstone_lamp":1,"stat.pickup.minecraft.iron_chestplate":11,"stat.useItem.tconstruct.firewood":1,"stat.pickup.minecraft.skull":125,"stat.drop.tconstruct.broadsword":3,"stat.mineBlock.explorercraft.maple_log":12,"stat.useItem.tconstruct.seared_glass":30,"stat.mineBlock.atum.large_stairs":61,"stat.drop.minecraft.wooden_hoe":1,"stat.drop.zoocraftdiscoveries.seed_rosemary":2,"stat.drop.atum.atums_will":1,"stat.pickup.bloodmagic.soul_gem":12,"stat.playOneMinute":3962072,"stat.pickup.tconstruct.rack":2,"stat.drop.minecraft.string":12,"stat.mineBlock.atum.limestone_chest":4,"stat.pickup.bloodmagic.blood_orb":3,"stat.craftItem.minecraft.carpet":3,"stat.mineBlock.minecraft.netherrack":4341,"stat.pickup.explorercraft.basalt_pillar":34,"stat.pickup.tconstruct.shovel":3,"stat.drop.minecraft.flint":19,"stat.mineBlock.rustic.slate":172,"stat.mineBlock.tconstruct.faucet":4,"stat.pickup.tconstruct.lumberaxe":9,"stat.pickup.minecraft.cooked_chicken":393,"stat.fallOneCm":620776,"stat.craftItem.ic2.treetap":13,"stat.drop.minecraft.dye":32,"stat.craftItem.minecraft.chest":5,"stat.mineBlock.minecraft.lever":5,"stat.useItem.atum.atums_will":21,"stat.pickup.rustic.horsetail":86,"stat.drop.explorercraft.basalt":47,"stat.entityKilledBy.ebwizardry:evil_wizard":2,"stat.pickup.bloodmagic.sigil_divination":6,"stat.pickup.minecraft.comparator":76,"stat.mineBlock.atum.sarcophagus":3,"stat.pickup.minecraft.feather":122,"stat.killEntity.atum.tarantula":3,"stat.pickup.tconstruct.channel":11,"stat.pickup.atum.small_stairs":4,"stat.pickup.minecraft.lead":5,"stat.useItem.ic2.rubber_wood":12,"stat.useItem.minecraft.stone_pickaxe":146,"stat.drop.zoocraftdiscoveries.frogspawn":2,"stat.craftItem.tconstruct.seared_tank":5,"stat.useItem.minecraft.stone_sword":92,"stat.craftItem.minecraft.iron_leggings":3,"stat.drop.minecraft.stick":23,"stat.craftItem.tconstruct.channel":6,"stat.pickup.atum.limestone_torch_unlit":6,"stat.killEntity.zoocraftdiscoveries.camel":1,"stat.killEntity.LavaSlime":27,"stat.drop.bloodmagic.sentient_armour_boots":3,"stat.pickup.minecraft.log":2361,"stat.craftItem.explorercraft.slate_bricks":4,"stat.pickup.bloodmagic.pack_sacrifice":3,"stat.drop.minecraft.lapis_block":4,"stat.pickup.minecraft.wooden_door":6,"stat.mineBlock.rustic.mooncap_mushroom":1,"stat.craftItem.tconstruct.smeltery_controller":2,"stat.craftItem.tconstruct.metal":63,"stat.pickup.bloodmagic.sentient_armour_gem":12,"stat.pickup.tconstruct.broadsword":14,"stat.pickup.minecraft.diamond_helmet":6,"stat.pickup.atum.limestone":1896,"stat.craftItem.minecraft.cooked_chicken":1,"stat.drop.tconstruct.edible":3,"stat.pickup.tconstruct.slime_boots":9,"stat.sneakTime":123273,"stat.drop.rustic.bee":3,"stat.useItem.tconstruct.slime_congealed":5,"stat.pickup.minecraft.chest":28,"stat.craftItem.minecraft.enchanting_table":2,"stat.drop.minecraft.sugar":1,"stat.useItem.minecraft.repeater":96,"stat.craftItem.tconstruct.faucet":12,"stat.craftItem.minecraft.stone_brick_stairs":8,"stat.pickup.atum.brigand_shield":16,"stat.swimOneCm":340282,"stat.craftItem.ic2.fluid_cell":34,"stat.useItem.minecraft.dirt":1995,"stat.pickup.ic2.fluid_cell":2,"stat.pickup.tconstruct.scythe":3,"stat.useItem.tconstruct.excavator":2220,"stat.pickup.minecraft.enchanting_table":4,"stat.mineBlock.minecraft.magma":332,"stat.pickup.minecraft.gold_block":40,"stat.pickup.minecraft.clay":234,"stat.pickup.minecraft.glass_bottle":2,"stat.pickup.explorercraft.maple_sapling":3,"stat.drop.minecraft.wheat_seeds":69,"stat.craftItem.minecraft.wooden_slab":6,"stat.useItem.tconstruct.broadsword":14,"stat.useItem.minecraft.sign":2,"stat.drop.minecraft.log":1,"stat.pickup.minecraft.mutton":256,"stat.mineBlock.ebwizardry.arcane_workbench":1,"stat.pickup.atum.idol_of_labor":1,"stat.drop.tconstruct.tooltables":2,"stat.pickup.minecraft.stonebrick":233,"stat.pickup.minecraft.redstone_lamp":1,"stat.pickup.ebwizardry.magic_crystal":1092,"stat.mineBlock.minecraft.nether_brick":232,"stat.useItem.bloodmagic.path":38,"stat.craftItem.minecraft.stone_slab2":48,"stat.pickup.bloodmagic.sentient_armour_chest":8,"stat.drop.rustic.tomato_seeds":2,"stat.drop.zoocraftdiscoveries.seed_dill":4,"stat.drop.minecraft.potion":2,"stat.useItem.minecraft.stone_slab":153,"stat.craftItem.minecraft.stone":92,"stat.useItem.ic2.wrench":72,"stat.useItem.tconstruct.casting":4,"stat.mineBlock.minecraft.crafting_table":20,"stat.useItem.minecraft.diamond_pickaxe":2463,"stat.mineBlock.minecraft.quartz_block":3,"stat.useItem.minecraft.carrot":66,"stat.pickup.explorercraft.cherry_log":48,"stat.drop.minecraft.golden_apple":13,"stat.drop.rustic.wildberries":57,"stat.pickup.minecraft.stone_button":8,"stat.pickup.ebwizardry.spark_bomb":1,"stat.pickup.minecraft.slime_ball":22,"stat.craftItem.minecraft.diamond_pickaxe":3,"stat.pickup.zoocraftdiscoveries.seed_parsley":15,"stat.craftItem.backpack.backpack_frame":9,"stat.pickup.atum.limestone_brick_large":12,"stat.craftItem.minecraft.clay":174,"stat.pickup.tconstruct.toolforge":3,"stat.pickup.minecraft.gravel":1857,"stat.drop.explorercraft.basalt_cobblestone":2,"stat.mineBlock.atum.limestone_torch":3,"stat.pickup.tconstruct.tool_rod":1,"stat.drop.minecraft.cooked_porkchop":3,"stat.pickup.minecraft.diamond_sword":2,"stat.craftItem.tconstruct.rack":2,"stat.pickup.minecraft.iron_helmet":8,"stat.useItem.tconstruct.tooltables":3,"stat.useItem.minecraft.piston":3,"stat.craftItem.minecraft.bread":7,"stat.pickup.minecraft.spider_eye":328,"stat.useItem.rustic.chandelier":1,"stat.useItem.minecraft.stone_button":1,"stat.useItem.minecraft.cooked_chicken":78,"stat.pickup.minecraft.iron_ore":355,"stat.pickup.atum.desert_boots_iron":2,"stat.pickup.tconstruct.slime_congealed":538,"stat.useItem.atum.iron_scimitar":1,"stat.mineBlock.minecraft.iron_bars":1,"stat.mineBlock.atum.pharaoh_torch":5,"stat.useItem.explorercraft.marble":46,"stat.mineBlock.explorercraft.amethyst_ore":85,"stat.pickup.minecraft.leather":130,"stat.useItem.minecraft.wooden_pickaxe":42,"stat.pickup.minecraft.reeds":1329,"stat.pickup.tconstruct.materials":499,"stat.useItem.minecraft.magma":2,"stat.drop.explorercraft.marble":31,"stat.craftItem.minecraft.glass":58,"stat.sleepInBed":27,"stat.craftItem.minecraft.baked_potato":32,"stat.useItem.ic2.resource":63,"stat.killEntity.Cow":12,"stat.pickup.minecraft.minecart":3,"stat.killEntity.Pig":44,"stat.craftItem.minecraft.iron_sword":5,"stat.pickup.minecraft.piston":139,"stat.walkOneCm":9180512,"stat.playerKills":6,"stat.mineBlock.ic2.te":117,"stat.pickup.minecraft.clay_ball":730,"stat.craftItem.tconstruct.throwball":4,"stat.pickup.zoocraftdiscoveries.seed_lemongrass":6,"stat.craftItem.elevatorid.elevator_white":5,"stat.drop.ic2.te":6,"stat.useItem.ic2.te":25,"stat.drop.zoocraftdiscoveries.seed_bay":1,"stat.drop.minecraft.iron_chestplate":1,"stat.pickup.minecraft.stone":22833,"stat.mineBlock.minecraft.wool":8,"stat.pickup.zoocraftdiscoveries.seed_coriander":11,"stat.pickup.ic2.treetap":5,"stat.killEntity.atum.desertWolf":1,"stat.pickup.ic2.forge_hammer":4,"stat.craftItem.minecraft.minecart":2,"stat.pickup.atum.papyrus_plant":12,"stat.pickup.minecraft.gold_ingot":475,"stat.killEntity.Skeleton":115,"stat.craftItem.atum.golden_date":6,"stat.pickup.minecraft.netherbrick":8463,"stat.mineBlock.minecraft.redstone_torch":18,"stat.killEntity.Spider":208,"stat.craftItem.rustic.stone_pillar":126,"stat.pickup.tconstruct.longbow":12,"stat.drop.explorercraft.amethyst":23,"stat.pickup.minecraft.quartz":1585,"stat.craftItem.ic2.resource":110,"stat.pickup.minecraft.water_bucket":4,"stat.drop.tconstruct.ingots":192,"stat.pickup.bloodmagic.sentient_sword":1,"stat.mineBlock.atum.oasis_grass":1,"stat.mineBlock.minecraft.redstone_ore":440,"stat.mineBlock.tconstruct.casting":14,"stat.craftItem.minecraft.coal_block":142,"stat.mineBlock.minecraft.stone":17342,"stat.useItem.minecraft.sandstone":50}