{"stat.craftItem.minecraft.diamond_chestplate":2,"stat.pickup.tconstruct.book":3,"stat.pickup.minecraft.bone":2,"stat.craftItem.minecraft.sign":6,"stat.craftItem.minecraft.diamond_leggings":2,"stat.pickup.minecraft.sign":5,"stat.leaveGame":11,"stat.pickup.minecraft.arrow":12,"stat.useItem.explorercraft.lamb_shank_cooked":14,"stat.pickup.minecraft.lapis_block":16,"stat.pickup.tconstruct.sharpening_kit":7,"stat.pickup.gravestone.death_info":11,"stat.craftItem.minecraft.diamond_helmet":2,"stat.jump":1052,"stat.swimOneCm":2955,"stat.fallOneCm":4954,"stat.pickup.minecraft.iron_ingot":3,"stat.pickup.minecraft.enchanted_book":1,"stat.crouchOneCm":1146,"stat.mineBlock.gravestone.gravestone":6,"stat.pickup.tconstruct.slimesling":4,"stat.pickup.minecraft.dirt":407,"stat.useItem.minecraft.dirt":114,"stat.useItem.minecraft.stone_slab2":10,"stat.drop.ebwizardry.magic_wand":1,"stat.pickup.minecraft.rotten_flesh":191,"stat.useItem.tconstruct.cleaver":10,"stat.pickup.explorercraft.water_grass":4,"stat.damageTaken":2732,"stat.drop.tconstruct.cast":1,"stat.mineBlock.minecraft.torch":1,"stat.pickup.zoocraftdiscoveries.seed_saffron":3,"stat.pickup.minecraft.diamond_leggings":5,"stat.pickup.minecraft.reeds":58,"stat.flyOneCm":395911,"stat.pickup.minecraft.wheat_seeds":2,"stat.killEntity.zoocraftdiscoveries.anteater":1,"stat.damageDealt":9574,"stat.sleepInBed":3,"stat.timeSinceDeath":169,"stat.mineBlock.minecraft.dirt":48,"stat.useItem.minecraft.sign":2,"stat.walkOneCm":257592,"stat.mineBlock.explorercraft.water_grass":2,"stat.playerKills":3,"stat.pickup.minecraft.stick":6,"stat.pickup.minecraft.diamond_pickaxe":1,"stat.pickup.tconstruct.cleaver":6,"stat.pickup.minecraft.log":2,"stat.craftItem.minecraft.diamond_boots":2,"stat.pickup.ebwizardry.magic_wand":2,"stat.pickup.zoocraftdiscoveries.seed_coriander":3,"stat.pickup.minecraft.sapling":6,"stat.sprintOneCm":62610,"stat.pickup.minecraft.skull":30,"stat.craftItem.minecraft.stick":8,"stat.killEntity.Skeleton":1,"stat.craftItem.minecraft.planks":16,"stat.pickup.tconstruct.hammer":1,"stat.drop.tconstruct.cleaver":1,"stat.pickup.minecraft.diamond_helmet":5,"stat.pickup.backpack.backpack":1,"stat.pickup.explorercraft.lamb_shank_cooked":103,"stat.pickup.minecraft.diamond_chestplate":5,"stat.mobKills":41,"stat.pickup.minecraft.diamond_boots":5,"stat.mineBlock.minecraft.log":2,"stat.deaths":5,"stat.pickup.minecraft.diamond":91,"stat.drop":3,"stat.playOneMinute":69249,"stat.pickup.tconstruct.slime_boots":6,"stat.pickup.minecraft.torch":6,"stat.sneakTime":928,"stat.pickup.zoocraftdiscoveries.seed_sage":2,"stat.pickup.rustic.chili_pepper_seeds":1,"stat.killEntity.Zombie":42,"stat.pickup.zoocraftdiscoveries.seed_parsley":2,"stat.mineBlock.minecraft.tallgrass":20,"stat.diveOneCm":10990}